cores,time
1.0,3983.632361
2.0,3664.883924
4.0,1869.751293
8.0,904.477465
16.0,482.374647
36.0,213.974503
72.0,108.773603
