cores,time
1.0,20.205002
2.0,21.365093
4.0,11.400576
8.0,6.186547
16.0,4.292449
36.0,3.079066
72.0,3.042045
