addiction,time
4,11.908115
5,15.862865
10,40.635199
20,131.200029
30,250.231
40,409.094663
50,611.173228
