age,time
3,11.811195
4,17.629879
5,24.56233
10,72.634975
20,236.99801
30,461.400358
40,775.453909
50,1163.120308
