year,time
1,11.422911
5,23.724781
10,36.457549
15,50.041665
30,88.683404
