num_foi,time
10,11.530964
15,19.752894
20,28.514576
50,102.492144
80,164.863409
100,201.759528
