sruns,time
10,11.517627
15,11.790923
20,11.69003
30,11.59319
40,11.579163
50,11.483554
100,11.657078
