year,time
1,1832.253534
5,8545.023199
10,17471.069501