sruns,time
10,1838.276187
15,2743.320525
20,3688.519113
30,5519.103379
40,7451.391471
