addiction,time
4,1827.226648
5,2192.669409
10,4188.578326
20,8175.535935
30,12116.266229
40,16704.677744
