age,time
3,1836.282241
3,1824.295725
4,2547.552935
5,3288.316668
10,7084.928739
