num_foi,time
10,1822.96614
15,2822.636451
20,3746.999812
50,9169.231897
80,14699.067567
100,18361.900609
