sruns,time
10,3.103067
15,3.309667
20,3.308187
30,3.139838
40,3.351013
50,3.111375
100,3.142493
