sruns,time
10,3.116974
15,3.347352
20,3.293821
30,3.252533
40,3.11998
50,3.309779
100,3.152295
