age,time
3,3.150813
4,4.635082
5,5.915103
10,18.033895
20,53.32185
30,98.615585
40,140.913174
50,219.442149
