num_foi,time
10,3.222223
15,4.198269
20,5.215706
50,14.183148
80,21.274278
100,25.884744
