addiction,time
4,3.260882
5,4.211784
10,8.829956
20,32.806535
30,57.282209
40,85.493155
50,120.647723
