num_foi,time
10,3.247877
15,4.231929
20,5.151223
50,13.447347
80,20.678381
100,25.209687
