year,time
1,3.34232
5,4.92569
10,6.587719
15,8.853147
30,14.89404
