age,time
3,3.045567
4,4.266549
5,5.987525
10,18.440057
20,51.013442
30,89.351019
40,137.993786
50,188.706554
