year,time
1,3.340994
5,4.631858
10,7.504394
15,9.116419
30,15.393632
