addiction,time
4,3.098205
5,4.131785
10,8.652487
20,32.099538
30,57.839159
40,83.777511
50,108.478557
