year,time
1,212.897306
2,432.853791
3,625.632397
4,818.408838
5,1004.488379
10,2013.62992
15,3021.36895
