addiction,time
4,213.718963
5,260.684763
10,476.436204
20,927.936828
30,1427.241372
