age,time
3,225.804538
4,314.887588
5,404.708882
10,862.348227
20,1850.812514
30,2822.025239
40,3895.235455
50,5025.62432
