sruns,time
10,216.088258
15,315.382937
20,429.766157
30,629.611924
40,842.40067
