age,time
3,219.34393
4,305.675372
5,390.427773
10,840.260417
