sruns,time
10,219.995089
15,324.201301
20,433.021023
30,638.247998
40,859.236041
50,1082.703632
100,2166.970777
