num_foi,time
10,217.95457
15,312.301467
20,426.378208
50,1040.899909
80,1704.018198
100,2088.222872
