num_foi,time
10,223.660076
15,324.872935
20,430.329303
50,1063.048886
80,1688.702893
100,2127.43083
