addiction,time
4,220.856413
5,266.660113
10,490.266129
20,965.161954
30,1449.92891
40,1975.447363
50,2530.473615
