year,time
1,221.306348
5,225.537989
10,221.260849
15,223.659989
