age,time
3,4.287218
4,6.015093
5,8.463361
10,26.694848
20,79.713047
30,151.203385
40,230.464224
50,332.812974
