addiction,time
4,4.502357
5,5.608096
10,13.122452
20,48.733002
30,87.568375
40,133.815232
50,193.198343
