year,time
1,4.234653
5,7.848869
10,11.116834
15,15.531924
30,25.213983
