age,time
3,4.2539
4,6.060973
5,8.487576
10,26.747978
20,80.606012
30,155.194011
40,240.927095
50,345.849925
