sruns,time
10,4.496694
15,4.441141
20,4.382157
30,4.398441
40,4.377792
50,4.279968
100,4.183204
