num_foi,time
10,4.39837
15,6.366934
20,8.560449
50,27.147714
80,43.033156
100,52.357469
