year,time
1,4.269718
5,8.02035
10,11.881251
15,14.965335
30,28.993667
