num_foi,time
10,4.228786
15,6.211146
20,8.501956
50,26.629135
80,42.195834
100,51.451292
