sruns,time
10,4.275844
15,4.347237
20,4.321679
30,4.333084
40,4.194864
50,4.263267
100,4.23784
