addiction,time
4,4.245639
5,5.339635
10,13.006234
20,48.58512
30,87.384775
40,131.04923
50,188.915202
