addiction,time
4,461.007464
5,552.299582
10,1027.535869
20,1977.463242
30,3028.155779
