addiction,time
4,469.34807
5,546.242137
10,1011.36276
20,1963.36919
30,3011.391399
40,4077.105155
50,5194.613032
