year,time
1,460.030195
5,467.762287
10,462.934898
15,461.684128
