year,time
1,465.257439
2,909.805483
3,1356.995091
4,1722.289798
5,2151.231633
10,4309.782676
15,6388.318619
