age,time
3,467.650681
4,648.716445
5,849.78414
10,1796.472931
