sruns,time
10,464.133796
15,692.103116
20,919.81909
30,1373.938252
40,1835.257057
