sruns,time
10,457.471227
15,684.936146
20,919.474597
30,1368.013414
40,1852.078319
