num_foi,time
10,49.454499
15,72.300619
20,92.885651
50,230.401745
80,367.477603
100,460.333488
