age,time
3,452.903791
4,641.410352
5,826.936303
10,1770.158063
20,3755.400534
30,5848.872875
40,8025.411259
