num_foi,time
10,462.569006
15,696.772859
20,934.277089
50,2299.357056
80,3671.049756
100,4582.768885
