sruns,time
10,3.346381
15,3.436569
20,3.274497
30,3.397686
40,3.304679
50,3.211
100,3.494689
