year,time
1,3.277738
5,4.843174
10,6.549007
15,9.020387
30,12.797671
