num_foi,time
10,3.489286
15,4.484245
20,5.352525
50,11.119
80,16.826975
100,20.700628
