num_foi,time
10,3.47028
15,4.511953
20,5.495032
50,11.912341
80,17.640914
100,20.570443
