addiction,time
4,3.739095
5,4.242276
10,8.063636
20,29.858879
30,44.529011
40,72.729017
50,91.667567
