addiction,time
4,3.246262
5,4.295676
10,8.78671
20,29.341731
30,48.470385
40,65.140102
50,94.002965
