age,time
3,3.54136
4,4.483784
5,5.49904
10,17.219337
20,47.871457
30,81.863007
40,118.634516
50,160.706101
