year,time
1,3.363498
5,5.016588
10,6.842382
15,8.046027
30,14.63706
