sruns,time
10,3.285643
15,3.256321
20,3.377849
30,3.419878
40,3.284373
50,3.530847
100,3.428663
