age,time
3,3.385241
4,4.987269
5,6.208448
10,17.383484
20,48.210106
30,80.060839
40,113.822755
50,152.335513
