age,time
3,114.735998
4,156.23187
5,199.236232
10,435.241736
20,916.407455
30,1431.660669
40,1946.213318
50,2518.709502
