year,time
1,109.996438
2,216.330283
3,320.193252
4,418.506889
5,505.376646
10,1005.872255
15,1529.990024
