sruns,time
10,109.797965
15,163.56373
20,213.668032
30,318.098743
40,435.637544
