addiction,time
4,111.076185
5,132.992549
10,241.328628
20,477.907905
30,722.797473
40,981.359297
50,1250.858272
