age,time
3,110.305786
4,155.158325
5,195.999249
10,425.318614
