sruns,time
10,115.767179
15,163.681961
20,215.407642
30,320.142741
40,420.970934
50,543.459152
100,1044.690711
