addiction,time
4,113.341084
5,131.063337
10,243.060277
20,469.962512
30,716.255607
