num_foi,time
10,109.887443
15,164.248032
20,212.99012
50,525.212799
80,833.922941
100,1051.123361
