year,time
1,111.111498
5,111.147489
10,110.186997
15,114.607117
