num_foi,time
10,111.049669
15,165.256029
20,218.745865
50,529.026991
80,865.07958
100,1066.907378
