{
"(0, 0)": {
"(0, 0)": [
0.03205584575525354,
0.0365708244244277
],
"(0, 1)": [
0.06931471805599453,
0.06545800992763386
],
"(0, 2)": [
0.06931471805599453,
0.047076731971798395
],
"(1, 0)": [
0.03159240557807189,
0.036043424731683836
],
"(1, 1)": [
0.05102810502902753,
0.051875070647327784
],
"(1, 2)": [
0.03836721284466904,
0.034612815579213974
],
"(2, 0)": [
0.031186178905884442,
0.03557625057337506
],
"(2, 1)": [
0.02445600101001084,
0.04785799901247114
],
"(2, 2)": [
0.01224115292896986,
0.05276197422653382
],
"(3, 0)": [
0.030825450194185366,
0.0371741945835916
],
"(3, 1)": [
0.011519367699077118,
0.013616773326229648
],
"(3, 2)": [
0.026076361594246124,
0.04694757547508323
]
},
"(0, 1)": {
"(0, 0)": [
0.029750876634003026,
0.017764933017953708
],
"(0, 1)": [
0.06931471805599453,
0.04897593518453576
],
"(0, 2)": [
0.06931471805599453,
0.008368800737289208
],
"(1, 0)": [
0.029345787698095836,
0.017624538249197352
],
"(1, 1)": [
0.04911830630493065,
0.031436458878599756
],
"(1, 2)": [
0.04396510723102369,
0.010101373348623375
],
"(2, 0)": [
0.028990221187413862,
0.017498809333893493
],
"(2, 1)": [
0.021800884609499065,
0.02816292115281389
],
"(2, 2)": [
0.00628047500199907,
0.0071710301432169705
],
"(3, 0)": [
0.028674096761269918,
0.017923574859999316
],
"(3, 1)": [
0.009386858872821046,
0.011085939313774187
],
"(3, 2)": [
0.008019075211304391,
0.011739731339034058
]
},
"(1, 0)": {
"(0, 0)": [
0.031383446399103065,
0.0440215874601372
],
"(0, 1)": [
0.06931471805599453,
0.05608743365633473
],
"(0, 2)": [
0.06931471805599453,
0.06931471805599453
],
"(1, 0)": [
0.030937341353847108,
0.04321110372119587
],
"(1, 1)": [
0.051350330308673905,
0.06304220062429247
],
"(1, 2)": [
0.043870285719655455,
0.06931471805599453
],
"(2, 0)": [
0.030546156013876568,
0.04188129793298196
],
"(2, 1)": [
0.03412804695718948,
0.054902996051691265
],
"(2, 2)": [
0.00803797023152816,
0.042504983387309
],
"(3, 0)": [
0.030198663684078725,
0.04496788907251659
],
"(3, 1)": [
0.006619011965736577,
0.023412509532648222
],
"(3, 2)": [
0.012295442511554242,
0.0613914907467618
]
},
"(1, 1)": {
"(0, 0)": [
0.029780881807444898,
0.03951983685094978
],
"(0, 1)": [
0.06931471805599453,
0.06747108984367602
],
"(0, 2)": [
0.06866960671605574,
0.06931471805599453
],
"(1, 0)": [
0.029375052990916452,
0.038915321937439525
],
"(1, 1)": [
0.054469691456986616,
0.06527366970761612
],
"(1, 2)": [
0.04552787271077282,
0.011991739168961542
],
"(2, 0)": [
0.029018843570428006,
0.03838055370342024
],
"(2, 1)": [
0.021586686336676614,
0.057589213006300585
],
"(2, 2)": [
0.004832298766546493,
0.06931471805599453
],
"(3, 0)": [
0.028702152659798124,
0.04021248079239999
],
"(3, 1)": [
0.009700846267819368,
0.03647780597848034
],
"(3, 2)": [
0.0034216872996176055,
0.01856537307744146
]
}
}