{
"(0, 0)": {
"(0, 0)": [
[
1.0677632603671907,
0.2590247713843056
],
[
0.005386189633682702,
0.005357430690040545
]
],
"(0, 1)": [
[
1.1712034083066942,
0.3989138240666565
],
[
0.014242706902258945,
0.014832265758275853
]
],
"(0, 2)": [
[
1.199082890472132,
0.4036337994730219
],
[
0.008410267305537886,
0.0076259394520436915
]
],
"(1, 0)": [
[
1.1844999978054152,
0.27083767231155215
],
[
0.016541328111440944,
0.010140614651300454
]
],
"(1, 1)": [
[
1.7562824003879114,
0.4191332234699443
],
[
0.004361913640009216,
0.00889411801645899
]
],
"(1, 2)": [
[
1.1089036820089904,
0.28878672848452647
],
[
0.021073452433880792,
0.021195950556120426
]
],
"(2, 0)": [
[
0.9416460517407849,
0.23992478831967004
],
[
0.010614734346503332,
0.01342535157090097
]
],
"(2, 1)": [
[
0.8563840079593853,
0.20261761015842616
],
[
0.019740959653454425,
0.00478261408531157
]
],
"(2, 2)": [
[
0.6438530955286663,
0.12429531183801357
],
[
0.02079679622564465,
0.019232807478988426
]
],
"(3, 0)": [
[
0.8137086394699433,
0.2217376139914099
],
[
0.01606380066980332,
0.011515683621023412
]
],
"(3, 1)": [
[
0.9220064180000984,
0.14428842243194756
],
[
0.022039810194291225,
0.021617617349029915
]
],
"(3, 2)": [
[
1.1074599540794514,
0.2379237001312391
],
[
0.010716982842421877,
0.015538766892545436
]
]
},
"(0, 1)": {
"(0, 0)": [
[
1.443878325268332,
0.2901785956116357
],
[
0.008701950012892463,
0.01133548278005108
]
],
"(0, 1)": [
[
0.9173393555675748,
0.35304326910127254
],
[
0.0005061611138555185,
0.00010315249662027834
]
],
"(0, 2)": [
[
1.1029279466564312,
0.3871118747322588
],
[
0.003636336025349945,
0.003405793133064234
]
],
"(1, 0)": [
[
0.7103047487488906,
0.20213682373983885
],
[
0.0021956674790079515,
0.00870948250121844
]
],
"(1, 1)": [
[
1.0984102527950557,
0.32520272269918993
],
[
0.026214366476238316,
0.01988222262100566
]
],
"(1, 2)": [
[
0.7572096789836391,
0.25545378336873503
],
[
0.0013658601470775949,
0.00520048107932573
]
],
"(2, 0)": [
[
0.8042186776136605,
0.21377801218957396
],
[
0.020403944667072457,
0.011610791493705513
]
],
"(2, 1)": [
[
0.9740947674202894,
0.2040270995899513
],
[
0.003236618351174508,
0.010841153862012357
]
],
"(2, 2)": [
[
0.9553817917794546,
0.10845133891814604
],
[
0.0010100149417614432,
0.003767947697455651
]
],
"(3, 0)": [
[
1.4057595226173705,
0.2810933573443969
],
[
0.004957586905235211,
0.008393582631750624
]
],
"(3, 1)": [
[
1.006731691480907,
0.13610284603449121
],
[
0.005015041594555813,
0.002704802790059413
]
],
"(3, 2)": [
[
1.0197943395205031,
0.12661018236504298
],
[
0.008280838323338573,
0.005727609595886629
]
]
},
"(1, 0)": {
"(0, 0)": [
[
1.19409035541516,
0.27103108573972445
],
[
0.010028687073609,
0.007960646895718694
]
],
"(0, 1)": [
[
0.7720653186083111,
0.32388433624222007
],
[
0.012999344439586991,
0.013652807896869162
]
],
"(0, 2)": [
[
0.8507836009322074,
0.3399949590782682
],
[
0.0007897737863923511,
0.010358915259803819
]
],
"(1, 0)": [
[
0.9601307906168757,
0.2412997576574899
],
[
0.005964621783826129,
0.01172767890765608
]
],
"(1, 1)": [
[
0.8401841425301351,
0.29080981052081323
],
[
0.009232229027586794,
0.009145014542280132
]
],
"(1, 2)": [
[
0.7045220752376126,
0.2461403006426324
],
[
0.01097707742924625,
0.015604848378981033
]
],
"(2, 0)": [
[
0.5776223711191428,
0.18597324871234017
],
[
0.0004498987583950384,
0.006077397682497806
]
],
"(2, 1)": [
[
0.5107609084540643,
0.1848479913306687
],
[
0.008541028552138544,
0.018094236813752836
]
],
"(2, 2)": [
[
0.9980099819549203,
0.1253980640413539
],
[
0.0021414784303421773,
0.013357554967460617
]
],
"(3, 0)": [
[
0.6519138188562895,
0.1964441718958762
],
[
0.01107760029618633,
0.0005657587746792907
]
],
"(3, 1)": [
[
0.9481442659011057,
0.11091339192580116
],
[
0.009170843173035431,
0.00826458410973824
]
],
"(3, 2)": [
[
0.8548061480867118,
0.1435344312509166
],
[
0.003131301213762908,
0.012011204827807879
]
]
},
"(1, 1)": {
"(0, 0)": [
[
0.9490532279687034,
0.23537712520586584
],
[
0.007312054440557153,
0.01961736286377497
]
],
"(0, 1)": [
[
1.1654482396191477,
0.3979325070584434
],
[
0.019076066513244262,
0.004763924322130915
]
],
"(0, 2)": [
[
0.8486280836709346,
0.33798013289091666
],
[
0.005216722466630016,
0.01768706019516327
]
],
"(1, 0)": [
[
1.0071177581599053,
0.2408128450789567
],
[
0.017406752057496016,
0.010116580077953819
]
],
"(1, 1)": [
[
0.6557948374731954,
0.2646132865196692
],
[
0.02254400921860358,
0.002244569966059231
]
],
"(1, 2)": [
[
0.5294616208709612,
0.21737325769641283
],
[
0.009499974699808273,
0.00656091692054798
]
],
"(2, 0)": [
[
1.1464892653877625,
0.25537315353724205
],
[
0.007026143095823412,
0.01828337858123328
]
],
"(2, 1)": [
[
1.236385761609763,
0.228728446598256
],
[
0.00840902836444152,
0.012131705103093283
]
],
"(2, 2)": [
[
0.7216274089506178,
0.08267678713325119
],
[
0.020185182799623367,
0.005632368088413152
]
],
"(3, 0)": [
[
1.3329457549464825,
0.2738505801930837
],
[
0.001017573450886591,
0.0005013035041369959
]
],
"(3, 1)": [
[
1.1893617151081908,
0.15038758348685674
],
[
0.011046617979385562,
0.019800214331807488
]
],
"(3, 2)": [
[
0.8121165328905818,
0.07380393662611506
],
[
0.0065708480950844375,
0.0029095639180913915
]
]
}
}