{
"(0, 0)": {
"(0, 0, 0)": [
[
1.1690221604920314,
0.41034974925767315
],
[
0.0018529265097605753,
0.005378009368290555
]
],
"(0, 0, 1)": [
[
0.9068480105951451,
0.13706791132810175
],
[
0.02274846165466418,
0.0032702164403255367
]
],
"(0, 0, 2)": [
[
0.7790060174761382,
0.283484753541782
],
[
0.020634365191489805,
0.007410034385339876
]
],
"(0, 1, 0)": [
[
1.1697025761344593,
0.40991632631987157
],
[
0.011466305293518072,
0.008276919889388725
]
],
"(0, 1, 1)": [
[
0.8183464461020769,
0.03147717604320262
],
[
0.0019298357171492302,
0.003062875982940076
]
],
"(0, 1, 2)": [
[
0.997646287090749,
0.3780974410088617
],
[
0.01177373257124048,
0.009138601074617404
]
],
"(0, 2, 0)": [
[
1.1641295366206927,
0.40795422054329145
],
[
0.022759328507032495,
0.01107930267768797
]
],
"(0, 2, 1)": [
[
1.0222596472000478,
0.04484557275909905
],
[
0.0177123189192572,
0.0006299159957487608
]
],
"(0, 2, 2)": [
[
0.6010221601625648,
0.2928087006887923
],
[
0.006776811060986468,
0.008697587319315529
]
],
"(1, 0, 0)": [
[
1.121565150367994,
0.39958360756380384
],
[
0.01391691826596176,
0.007044890033832205
]
],
"(1, 0, 1)": [
[
1.3904875409165296,
0.04250747533268724
],
[
0.005705883757346814,
0.003142181605611817
]
],
"(1, 0, 2)": [
[
1.066393838700365,
0.389256943085256
],
[
0.0079570410931236,
0.0020455276474060976
]
],
"(1, 1, 0)": [
[
1.2440569153413545,
0.42005152123692396
],
[
0.009428645678248877,
0.007381006996889003
]
],
"(1, 1, 1)": [
[
0.8279966271202166,
0.03859401472720082
],
[
0.006954367953781546,
0.0014292278808959364
]
],
"(1, 1, 2)": [
[
0.4988540804157674,
0.26576299465575076
],
[
0.024246110036227474,
0.010396425421617905
]
],
"(1, 2, 0)": [
[
0.7958356973006312,
0.33540011258092606
],
[
0.0076903052872058526,
0.010954758533175176
]
],
"(1, 2, 1)": [
[
0.9904454420406448,
0.04567231644181267
],
[
0.0010015425759702969,
0.0004414865765895595
]
],
"(1, 2, 2)": [
[
1.155821700481698,
0.4038847061630276
],
[
0.012865767385537186,
0.0026605031533088516
]
],
"(2, 0, 0)": [
[
0.9964389295742172,
0.3747253516938158
],
[
0.023975056680019466,
0.0006465334913431913
]
],
"(2, 0, 1)": [
[
1.4465934601857682,
0.03720552576951775
],
[
0.0213567191788911,
0.005173018997536629
]
],
"(2, 0, 2)": [
[
1.07618591175458,
0.38915363657897
],
[
0.01110078404399039,
0.004732380641138
]
],
"(2, 1, 0)": [
[
0.9821254292257304,
0.3715039669264394
],
[
0.0035490908644867404,
0.007440095743839678
]
],
"(2, 1, 1)": [
[
1.3171616278122182,
0.032651258116202404
],
[
0.014154004996281853,
0.0017275342002090028
]
],
"(2, 1, 2)": [
[
0.6503318770828337,
0.9400056068538756
],
[
0.005610092987577051,
0.00022754537469795756
]
],
"(2, 2, 0)": [
[
0.9102619381676036,
0.3574189108414062
],
[
0.006071138690795023,
0.009724979276668886
]
],
"(2, 2, 1)": [
[
0.8819391768816819,
0.046575118814133336
],
[
0.009195003335502371,
0.0011024040410290573
]
],
"(2, 2, 2)": [
[
1.0041625512275394,
0.5473835868418875
],
[
0.015325349896352324,
0.01558642812093863
]
]
},
"(0, 1)": {
"(0, 0, 0)": [
[
1.3161284854013788,
0.5105931912807063
],
[
0.004045039268219228,
0.0065443818471126744
]
],
"(0, 0, 1)": [
[
0.6153994471437585,
0.03313499629153245
],
[
0.0075847703412430835,
0.00140615369075519
]
],
"(0, 0, 2)": [
[
1.2377797366436494,
0.42971464358325456
],
[
0.001937739608925024,
0.01574044273504687
]
],
"(0, 1, 0)": [
[
1.3107211351341346,
0.5086825199051888
],
[
0.0018851440771165025,
0.0038351553373623046
]
],
"(0, 1, 1)": [
[
1.0967486373083337,
0.05770605826096049
],
[
0.017074748746315413,
0.0007823144152477352
]
],
"(0, 1, 2)": [
[
1.1818065735034915,
0.48226067199696043
],
[
0.004720984268293118,
0.010942017580824257
]
],
"(0, 2, 0)": [
[
1.4906551773554801,
0.54082762226254
],
[
0.017524344329060422,
0.007771328029831081
]
],
"(0, 2, 1)": [
[
1.4275269872686778,
0.060909788605541054
],
[
0.026738717389122403,
0.0006589986958435625
]
],
"(0, 2, 2)": [
[
1.1418908444634088,
0.454524088027519
],
[
0.013198534344790933,
0.005415623569073632
]
],
"(1, 0, 0)": [
[
1.1508592598656415,
0.473934067317296
],
[
0.019351937307585602,
0.013583983975321593
]
],
"(1, 0, 1)": [
[
1.0595585899922755,
0.039373938858967006
],
[
0.0035633021754503374,
0.0011104974476368976
]
],
"(1, 0, 2)": [
[
1.3054977656389162,
0.5041521187736461
],
[
0.024919511230076963,
4.6133089141647474e-05
]
],
"(1, 1, 0)": [
[
0.7766890176965353,
0.3884111463492822
],
[
0.007165575529123948,
0.005152453293404759
]
],
"(1, 1, 1)": [
[
0.8605814635732602,
0.03214090212774649
],
[
0.008769776634411652,
0.0011882845282816822
]
],
"(1, 1, 2)": [
[
1.4952173107247406,
0.5383193328152913
],
[
0.023027810194050917,
0.0015176888760365
]
],
"(1, 2, 0)": [
[
1.4013009470435875,
0.5205902706976148
],
[
0.014690610391640869,
0.003450595830232805
]
],
"(1, 2, 1)": [
[
0.9161181857053936,
0.04142391440246941
],
[
0.011924277531021923,
0.001813510391409209
]
],
"(1, 2, 2)": [
[
1.3669975246444144,
1.128932081545996
],
[
0.0024017654370070227,
0.0028153301663988916
]
],
"(2, 0, 0)": [
[
1.239422200410632,
0.48910631487143835
],
[
0.01802765347173663,
0.022867796327192047
]
],
"(2, 0, 1)": [
[
1.3263015374196228,
0.03604458421639705
],
[
0.018802248500697685,
0.0014421103303102402
]
],
"(2, 0, 2)": [
[
1.0434157178298509,
0.44833703892605076
],
[
0.00923761449577816,
0.008472687493150778
]
],
"(2, 1, 0)": [
[
1.1596683085809036,
0.47221803533970896
],
[
0.007006128197448943,
0.012803592521802715
]
],
"(2, 1, 1)": [
[
1.2814551194982018,
0.03568716086204366
],
[
0.006086628580882046,
0.0042786522303407525
]
],
"(2, 1, 2)": [
[
1.0839049925550952,
1.213552393892973
],
[
0.015849996452212047,
0.013162927033268304
]
],
"(2, 2, 0)": [
[
1.2778665186044482,
0.4952611226447369
],
[
0.003294103690887175,
0.00849391623078839
]
],
"(2, 2, 1)": [
[
1.3074101506206597,
0.33743667748555783
],
[
0.003399197176755086,
0.00046585765717024224
]
],
"(2, 2, 2)": [
[
0.905184459463267,
0.35812688938499837
],
[
0.020226519240461552,
0.02382580172773583
]
]
},
"(1, 0)": {
"(0, 0, 0)": [
[
0.7239587840882701,
0.20010300664632316
],
[
0.008749580725549062,
0.0018403554078727496
]
],
"(0, 0, 1)": [
[
1.3819900288344875,
0.15889327215332802
],
[
0.015165210094228799,
0.0018739815736289855
]
],
"(0, 0, 2)": [
[
0.9947198130478808,
0.3205962548103101
],
[
0.012122009180240114,
0.01890104339163307
]
],
"(0, 1, 0)": [
[
0.9523449907685657,
0.22938364525534255
],
[
0.0016617316745700245,
0.009065824038237403
]
],
"(0, 1, 1)": [
[
1.394365568482745,
0.042087330030735164
],
[
0.007695994869337251,
0.0006963399731434268
]
],
"(0, 1, 2)": [
[
0.8148334445775275,
0.21207285811512722
],
[
0.019969032106599095,
0.008756232168615433
]
],
"(0, 2, 0)": [
[
0.8076983604530592,
0.21104503724116613
],
[
0.010870483851717983,
0.0073765651826310594
]
],
"(0, 2, 1)": [
[
0.925345611067403,
0.05509933439399636
],
[
0.0035070956719046604,
3.2632767921892195e-05
]
],
"(0, 2, 2)": [
[
1.0578713771346915,
0.24142349721914097
],
[
0.0011558942995647126,
0.007549351371954978
]
],
"(1, 0, 0)": [
[
0.8557695108232266,
0.21705272777126983
],
[
0.015873601814621285,
0.006295411564898346
]
],
"(1, 0, 1)": [
[
1.4712912245136311,
0.06911832290083691
],
[
0.01763033974511568,
0.0022251865362851128
]
],
"(1, 0, 2)": [
[
0.9785544761667226,
0.2320133719607366
],
[
0.0208314525886738,
0.0015245805697675172
]
],
"(1, 1, 0)": [
[
1.0366494022464237,
0.23871461415325898
],
[
0.007302315936872689,
0.00646999483706209
]
],
"(1, 1, 1)": [
[
1.028079520375318,
0.07044984635946815
],
[
0.012306876358852293,
0.0012968132322192824
]
],
"(1, 1, 2)": [
[
0.927681862884908,
0.22574238863361656
],
[
0.0046634286510700345,
0.0008657947856370602
]
],
"(1, 2, 0)": [
[
0.7258046286679523,
0.19960949361992336
],
[
0.03281354167491563,
0.000701969097781939
]
],
"(1, 2, 1)": [
[
1.2381867155011572,
0.07639166500526931
],
[
0.0024603833848582876,
0.0007221688705440199
]
],
"(1, 2, 2)": [
[
1.3129157804156997,
0.5792572943697875
],
[
0.0016557795167991551,
0.0005216652689906346
]
],