{
"(0, 0)": {
"(0, 0, 0)": [
0.07348271872027312,
0.007963143264548321
],
"(0, 0, 1)": [
0.010569068202793604,
0.00023982838173169523
],
"(0, 0, 2)": [
0.05262816355972888,
0.007944392136651626
],
"(0, 1, 0)": [
0.07328491704675666,
0.007958789197313448
],
"(0, 1, 1)": [
0.0006176663477181169,
0.002479922448820349
],
"(0, 1, 2)": [
0.07310220899462445,
0.007954967977619605
],
"(0, 2, 0)": [
0.07293251127188029,
0.007971075040898577
],
"(0, 2, 1)": [
0.0010036390429434242,
1.1428506122926255e-05
],
"(0, 2, 2)": [
0.07277414051303484,
0.007948494479360253
],
"(1, 0, 0)": [
0.07262571747850674,
0.007953219450732121
],
"(1, 0, 1)": [
0.0006629230750776092,
0.0008827531159375827
],
"(1, 0, 2)": [
0.07248609825311705,
0.00796557074350596
],
"(1, 1, 0)": [
0.07235432381342277,
0.007949991346832412
],
"(1, 1, 1)": [
0.000917721621806121,
0.00014984591539712058
],
"(1, 1, 2)": [
0.0722295823860471,
0.007968202245857215
],
"(1, 2, 0)": [
0.07211118089798264,
0.007960890547139141
],
"(1, 2, 1)": [
0.001074422601265315,
9.928078578532163e-05
],
"(1, 2, 2)": [
0.07199852300914436,
0.00795156367785077
],
"(2, 0, 0)": [
0.07189109198926653,
0.007941929604294105
],
"(2, 0, 1)": [
0.000488166541608186,
0.0006392242240853575
],
"(2, 0, 2)": [
0.07178843721342125,
0.007943136533958192
],
"(2, 1, 0)": [
0.07169016339720798,
0.007956820219095365
],
"(2, 1, 1)": [
0.00041291473897439135,
0.00010756564318019812
],
"(2, 1, 2)": [
0.6931471805599453,
0.007945700485851684
],
"(2, 2, 0)": [
0.07159592193177344,
0.007947066187947601
],
"(2, 2, 1)": [
0.0012547838579304333,
6.742629822467004e-05
],
"(2, 2, 2)": [
0.15222260026969525,
0.07535201107181298
]
},
"(0, 1)": {
"(0, 0, 0)": [
0.10105350112455054,
0.06492705786201482
],
"(0, 0, 1)": [
0.0009101571099003601,
0.00013299115628407284
],
"(0, 0, 2)": [
0.07610558938578277,
0.06522860427860086
],
"(0, 1, 0)": [
0.10071239892291822,
0.06466680206980108
],
"(0, 1, 1)": [
0.0015489426258973355,
1.8285547104001963e-05
],
"(0, 1, 2)": [
0.10039611509550778,
0.06443809496215447
],
"(0, 2, 0)": [
0.10010140004581689,
0.06539924710463677
],
"(0, 2, 1)": [
0.001325834977957184,
8.285679959452942e-06
],
"(0, 2, 2)": [
0.09982559616823011,
0.0640505240048272
],
"(1, 0, 0)": [
0.09956650306008408,
0.06433340187232826
],
"(1, 0, 1)": [
0.0007464356333092151,
0.00017655584167160576
],
"(1, 0, 2)": [
0.09932227890952475,
0.06507189211223893
],
"(1, 1, 0)": [
0.09909136702501714,
0.06414012352137419
],
"(1, 1, 1)": [
0.0006123838832798721,
8.213948360316986e-05
],
"(1, 1, 2)": [
0.09887244020348838,
0.06388336019364771
],
"(1, 2, 0)": [
0.0986643579912094,
0.06479246807366676
],
"(1, 2, 1)": [
0.0009555433230322354,
0.000140704386387921
],
"(1, 2, 2)": [
0.48929435172330976,
0.06423425974929602
],
"(2, 0, 0)": [
0.09846613341837661,
0.06373008853567523
],
"(2, 0, 1)": [
0.000499732255890892,
5.64269793966776e-05
],
"(2, 0, 2)": [
0.09827690679984465,
0.06380512976116923
],
"(2, 1, 0)": [
0.0980959248781834,
0.06454897717171414
],
"(2, 1, 1)": [
0.0005070143036655238,
0.0015343936443256872
],
"(2, 1, 2)": [
0.6931471805599453,
0.6931471805599453
],
"(2, 2, 0)": [
0.09792252405595102,
0.06396505449619194
],
"(2, 2, 1)": [
0.04442959302148979,
3.257089813392029e-05
],
"(2, 2, 2)": [
0.07228303628131777,
0.04810733139927138
]
},
"(1, 0)": {
"(0, 0, 0)": [
0.028215841141377637,
0.025270156563268403
],
"(0, 0, 1)": [
0.009319781338645791,
0.00011813587882511769
],
"(0, 0, 2)": [
0.05271275755830662,
0.026682211217166324
],
"(0, 1, 0)": [
0.0281857901036166,
0.0252320936499843
],
"(0, 1, 1)": [
0.0006480756678772491,
3.214234057225064e-05
],
"(0, 1, 2)": [
0.02815794445003099,
0.025214703228777766
],
"(0, 2, 0)": [
0.02813200604363662,
0.02536426193657021
],
"(0, 2, 1)": [
0.0016737413702558328,
8.999959500168733e-06
],
"(0, 2, 2)": [
0.02810773316939422,
0.02515363599802405
],
"(1, 0, 0)": [
0.028084927165200654,
0.025198250612374427
],
"(1, 0, 1)": [
0.001656484414686141,
0.00014327544986831553
],
"(1, 0, 2)": [
0.028063422787432273,
0.025313624716274376
],
"(1, 1, 0)": [
0.028043081126151052,
0.02516779268015815
],
"(1, 1, 1)": [
0.002462821905749355,
6.971185578634536e-05
],
"(1, 1, 2)": [
0.028023784301478498,
0.0253379045100414
],
"(1, 2, 0)": [
0.028005431429835425,
0.025250533744149383
],
"(1, 2, 1)": [
0.002404392843744308,
0.00010813701012554173
],
"(1, 2, 2)": [
0.13037843679297106,
0.025182640853021236
],
"(2, 0, 0)": [
0.027987935512095656,
0.025127161272469067
],
"(2, 0, 1)": [
0.0015435224418164307,
0.00012399231263549523
],
"(2, 0, 2)": [
0.02797122100202605,
0.02511474325937492
],
"(2, 1, 0)": [
0.027955221884141828,
0.025102814565674814
],
"(2, 1, 1)": [
0.006078346509038017,
9.642392249282777e-05
],
"(2, 1, 2)": [
0.027939880138146765,
0.02529112203735989
],
"(2, 2, 0)": [
0.027925144500325436,
0.02514010993000629
],
"(2, 2, 1)": [
0.0023572195736780866,
5.8141166912493326e-05
],
"(2, 2, 2)": [
0.1321765613024509,
0.25513421898262856
]
},
"(1, 1)": {
"(0, 0, 0)": [
0.041161254781531854,
0.0015283185710480594
],
"(0, 0, 1)": [
0.0025406270151048065,
5.8998259568487886e-05
],
"(0, 0, 2)": [
0.05970362311011603,
0.01312016351980773
],
"(0, 1, 0)": [
0.041097850190799624,
0.001528177030690564
],
"(0, 1, 1)": [
0.0032673706120203505,
6.571406979780232e-06
],
"(0, 1, 2)": [
0.04103915340898622,
0.0015281122265992538
],
"(0, 2, 0)": [
0.04098452410124966,
0.001528772879767911
],
"(0, 2, 1)": [
0.004352798526501839,
0.001224535664366117
],
"(0, 2, 2)": [
0.04093344362093824,
0.001527883986559167
],
"(1, 0, 0)": [
0.04088548608450176,
0.0015280508384540247
],
"(1, 0, 1)": [
0.002636663802112546,
0.0003926371936419781
],
"(1, 0, 2)": [
0.040840297547146,
0.0015285694856209417
],
"(1, 1, 0)": [
0.040797580703520395,
0.0015279369914408688
],
"(1, 1, 1)": [
0.0030970563090948603,
5.9712502887399034e-05
],
"(1, 1, 2)": [
0.04075708344456187,
0.001528666754039267
],
"(1, 2, 0)": [
0.040718590161183864,
0.0015282456529465641
],
"(1, 2, 1)": [
0.05967307453137096,
5.1141549391474734e-05
],
"(1, 2, 2)": [
0.20144965383422883,
0.001527992524399245
],
"(2, 0, 0)": [
0.04068191504054725,
0.0015277847085366472
],
"(2, 0, 1)": [
0.0017956725289303328,
0.00032551844169429313
],
"(2, 0, 2)": [
0.04064689683155573,
0.0015277380735332113
],
"(2, 1, 0)": [
0.04061339470976225,
0.001527693234920006
],
"(2, 1, 1)": [
0.0004269088614431414,
3.1999488010954404e-05
],
"(2, 1, 2)": [
0.040581284976029426,
0.0015283963582701943
],
"(2, 2, 0)": [
0.040550458395227064,
0.001527833289753176
],
"(2, 2, 1)": [
0.0024435834452447317,
2.814246114014664e-05
],
"(2, 2, 2)": [
0.16285444013067849,
0.0015284797108087006
]
}
}