{
"(0, 0)": {
"0": [
[
0.9451584560255095,
0.2735103972325037
],
[
0.023167121093317627,
0.007439875508002872
]
],
"1": [
[
0.40964694206578733,
0.5491581638866491
],
[
0.02013050421896935,
0.020107730421151035
]
],
"2": [
[
1.040374198262609,
0.4371232768198417
],
[
0.016025868678570875,
0.007637327655611587
]
]
},
"(0, 1)": {
"0": [
[
1.5490005515818615,
0.33975521715244805
],
[
0.014423920821753597,
0.013961883234990582
]
],
"1": [
[
0.8724252348957829,
0.7465993275437849
],
[
0.004193390614111758,
0.014484952655758257
]
],
"2": [
[
0.6927984905375739,
0.14515579383516525
],
[
0.0035183831845195515,
0.01009683272707699
]
]
},
"(1, 0)": {
"0": [
[
1.215126810628752,
0.3186419264446477
],
[
0.013411549807936457,
0.02120579755039029
]
],
"1": [
[
0.9489557896037114,
0.7093771213918544
],
[
0.015501265894713716,
0.015686219845108734
]
],
"2": [
[
1.0213578926699898,
0.1821467593923045
],
[
0.018788136198180833,
0.009479933722026245
]
]
},
"(1, 1)": {
"0": [
[
1.2162600988510217,
0.33142999012171415
],
[
0.03543855682957738,
0.0032566294230703154
]
],
"1": [
[
1.3104113246267688,
0.8564901641075586
],
[
0.008019519185581438,
0.012428239151177783
]
],
"2": [
[
1.0114723833888342,
0.2751531692082508
],
[
0.006810364214419653,
0.012839145750818497
]
]
}
}