{
"(0, 0)": {
"0": [
0.04124125095558068,
0.017268876929347834
],
"1": [
0.37483743515083069,
0.325774082998668804
],
"2": [
0.09369532214978804,
0.09063609014658976
]
},
"(0, 1)": {
"0": [
0.03801721609206022,
0.029343529854868846
],
"1": [
0.325946697365109,
0.254192850440463625
],
"2": [
0.015515344848239133,
0.05363736172026408
]
},
"(1, 0)": {
"0": [
0.042626909800750734,
0.09004988051650899
],
"1": [
0.27052536434583802,
0.31245061908275131
],
"2": [
0.016571604655218782,
0.05640690783568425
]
},
"(1, 1)": {
"0": [
0.04607408971108797,
0.09689559369383795
],
"1": [
0.29048546645818259,
0.31645543363828159
],
"2": [
0.038185160847147145,
0.03017876640288705
]
}
}
