{
"(0, 0)": {
"(0, 0)": [
0.32586177744972505,
0.3210888717880234
],
"(0, 1)": [
0.5170494055310433,
0.5170494055931033
],
"(0, 2)": [
0.018738048725192316,
0.01873804906910544
],
"(1, 0)": [
0.3210888717717032,
0.3169064795513874
],
"(1, 1)": [
0.2958562468672301,
0.29585624692217416
],
"(1, 2)": [
0.11905734744918403,
0.1190573478200861
],
"(2, 0)": [
0.31690647953544904,
0.31319352181120524
],
"(2, 1)": [
0.37370090323206284,
0.3737009030927106
],
"(2, 2)": [
0.5799170226047242,
0.5799170225589677
],
"(3, 0)": [
0.31319352179560256,
0.32586177746648537
],
"(3, 1)": [
0.5821207848923586,
0.582120784629689
],
"(3, 2)": [
0.5953513323878645,
0.5953513321895576
]
},
"(0, 1)": {
"(0, 0)": [
0.2528531886438973,
0.24984233722132285
],
"(0, 1)": [
0.46699354875755666,
0.4669935484947693
],
"(0, 2)": [
0.03031526296674836,
0.0303152626551486
],
"(1, 0)": [
0.24984233726895383,
0.24719199502044142
],
"(1, 1)": [
0.20972483178702253,
0.20972483205390052
],
"(1, 2)": [
0.04731671136700625,
0.04731671155203989
],
"(2, 0)": [
0.24719199506714307,
0.24482969700290094
],
"(2, 1)": [
0.42278761863364694,
0.42278761866492254
],
"(2, 2)": [
0.27435330477920555,
0.27435330477231407
],
"(3, 0)": [
0.244829697048781,
0.2528531885952007
],
"(3, 1)": [
0.45732181660172666,
0.45732181641494724
],
"(3, 2)": [
0.39274062368965584,
0.392740623472875
]
},
"(1, 0)": {
"(0, 0)": [
0.40728835147089937,
0.3993170700295992
],
"(0, 1)": [
0.5753505614883909,
0.5753505616863103
],
"(0, 2)": [
0.399317070054293,
0.38650257613130623
],
"(1, 0)": [
0.39247494750074113,
0.39247494747678735
],
"(1, 1)": [
0.20942150303275403,
0.20942150276407415
],
"(1, 2)": [
0.3268578420185921,
0.32685784180664323
],
"(2, 0)": [
0.38650257615462114,
0.38121864291510543
],
"(2, 1)": [
0.45077804392884646,
0.4507780438788335
],
"(2, 2)": [
0.6742666616610077,
0.6742666615212406
],
"(3, 0)": [
0.3812186429378608,
0.40728835144533243
],
"(3, 1)": [
0.6142105026918476,
0.614210502718184
],
"(3, 2)": [
0.6682764032344999,
0.6682764034117116
]
},
"(1, 1)": {
"(0, 0)": [
0.3632985412772642,
0.35677844517220475
],
"(0, 1)": [
0.5737733082247503,
0.5737733081935809
],
"(0, 2)": [
0.356778445081608,
0.3462599461477185
],
"(1, 0)": [
0.3511679151141115,
0.3511679152021805
],
"(1, 1)": [
0.1945033679049999,
0.1945033679890811
],
"(1, 2)": [
0.04007631972902232,
0.04007632009417041
],
"(2, 0)": [
0.346259946061837,
0.34190941971422106
],
"(2, 1)": [
0.5539820876657526,
0.5539820878345931
],
"(2, 2)": [
0.5692111735749449,
0.5692111737662836
],
"(3, 0)": [
0.34190941963026017,
0.3632985413708352
],
"(3, 1)": [
0.5406773668514941,
0.5406773667855158
],
"(3, 2)": [
0.5942321947638131,
0.5942321949934812
]
}
}