{
"(0, 0)": {
"(0, 0)": [
[
1.2605830765164123,
0.8973309341398422
],
[
0.0018215588867696794,
0.025751878779718997
]
],
"(0, 1)": [
[
1.1195655570221679,
1.0652240878497703
],
[
0.0036714109149848387,
0.01371634924425724
]
],
"(0, 2)": [
[
0.7168566740087026,
0.16226637748068415
],
[
0.0018776098791589702,
0.008304530017039662
]
],
"(1, 0)": [
[
1.04974841746339,
0.812840686187401
],
[
0.0057962855480882414,
0.017196049529643077
]
],
"(1, 1)": [
[
0.48767486867408116,
0.5318090848721354
],
[
0.013910584298309533,
0.005466777132968606
]
],
"(1, 2)": [
[
1.0953969876585303,
0.5056081487977376
],
[
0.0014163348474095488,
0.002655036599790732
]
],
"(2, 0)": [
[
1.2581084939702534,
0.7263387014969236
],
[
0.003117049735062525,
0.009680323859111425
]
],
"(2, 1)": [
[
0.9295907952919362,
0.8251980130030073
],
[
0.0008904991512423115,
0.016368816887654746
]
],
"(2, 2)": [
[
0.9880701967020361,
0.916718878433649
],
[
0.008578007518968422,
0.0016208948520057883
]
],
"(3, 0)": [
[
0.6897682770391421,
0.6507410235818688
],
[
0.006208048700284407,
0.03294040724454984
]
],
"(3, 1)": [
[
0.8656085462158554,
0.9506348925135935
],
[
0.008428476605598697,
0.016074050959984175
]
],
"(3, 2)": [
[
0.44221656560123157,
0.7183802120411428
],
[
0.005692465183807455,
0.008787843412738567
]
]
},
"(0, 1)": {
"(0, 0)": [
[
1.082839893412515,
0.7325993576237326
],
[
0.01981655948420198,
0.01192807415614577
]
],
"(0, 1)": [
[
0.7874600384577863,
0.8490238590082929
],
[
0.00984666261194742,
0.01063706013470972
]
],
"(0, 2)": [
[
0.942072574450884,
0.23660452315819405
],
[
0.005483460264389064,
0.018051288633466698
]
],
"(1, 0)": [
[
0.9174209465410998,
0.6702974007585173
],
[
0.009272718231303824,
0.02443357965323202
]
],
"(1, 1)": [
[
1.1947586192006,
0.7008340694975183
],
[
0.006864564310346594,
0.009628632436406086
]
],
"(1, 2)": [
[
0.5352418277662416,
0.22280887775289585
],
[
0.020638333615900104,
0.013620817272550706
]
],
"(2, 0)": [
[
1.3820965786741721,
0.7539894562013949
],
[
7.347027883403481e-05,
0.0059379711609526785
]
],
"(2, 1)": [
[
1.1033672938759895,
0.6095981094867797
],
[
0.035587073511355635,
0.004126702435117634
]
],
"(2, 2)": [
[
0.8187497927999972,
0.5466382384134305
],
[
0.023581900572133822,
0.01671100288204581
]
],
"(3, 0)": [
[
1.2421314776869232,
0.7720866155770929
],
[
0.012726657262824745,
0.008978674025919835
]
],
"(3, 1)": [
[
1.4888914409739777,
0.881115474284702
],
[
0.018668674880509648,
0.006179288686312432
]
],
"(3, 2)": [
[
1.096370527032901,
0.9187170604867194
],
[
0.014594832387734687,
0.010874626715386122
]
]
},
"(1, 0)": {
"(0, 0)": [
[
1.305581334810011,
1.020946896740064
],
[
0.01556969109903067,
0.037457935632633166
]
],
"(0, 1)": [
[
1.0428329645553633,
0.6935158076964358
],
[
0.009468812877775226,
0.00041243300919109604
]
],
"(0, 2)": [
[
1.3194767424565792,
0.9715898995599074
],
[
0.005367223398928277,
0.0009676186996241641
]
],
"(1, 0)": [
[
1.108823478530936,
0.7736284913230045
],
[
0.007625826116841044,
0.009814616979857188
]
],
"(1, 1)": [
[
0.5024794606051584,
0.4541716125117194
],
[
0.008201204916045006,
0.013730188227132845
]
],
"(1, 2)": [
[
0.9872720281650055,
0.7953312797565136
],
[
0.012799821527109002,
0.013025451045533955
]
],
"(2, 0)": [
[
0.9155369655903671,
0.6078590086780387
],
[
0.010284719385313692,
0.019560816796364046
]
],
"(2, 1)": [
[
1.3447796372228304,
1.0335175707188933
],
[
0.00832838846158909,
0.0030451263784436458
]
],
"(2, 2)": [
[
1.2778489496663887,
0.9974268218955551
],
[
0.011501673041989308,
0.016118015873891427
]
],
"(3, 0)": [
[
1.160666109627736,
0.9313028023020745
],
[
0.015618002992305834,
0.020193883424883558
]
],
"(3, 1)": [
[
0.9484214784312718,
1.000189146144427
],
[
0.009182124609452908,
0.02172537802813399
]
],
"(3, 2)": [
[
0.9343890348822308,
0.56307336711847
],
[
0.006612928510909385,
0.010429986125460953
]
]
},
"(1, 1)": {
"(0, 0)": [
[
1.2183715881336732,
0.859396291467788
],
[
0.011708599234614954,
0.013783049309305432
]
],
"(0, 1)": [
[
0.7778619141902909,
0.7341807314769085
],
[
0.006272104972101686,
0.01120739066803698
]
],
"(0, 2)": [
[
0.9364982720947963,
0.5445921677797259
],
[
0.028255571228381203,
0.006375679731946396
]
],
"(1, 0)": [
[
1.2578786454878075,
0.9305227150764304
],
[
0.010647682314329852,
0.005176839980425407
]
],
"(1, 1)": [
[
1.063542685353264,
0.6367826439078249
],
[
0.0007594376868527569,
0.017016092114940578
]
],
"(1, 2)": [
[
1.273116386137854,
0.3162482731595227
],
[
0.028551317106405474,
0.006493468122528982
]
],
"(2, 0)": [
[
1.2474553380604603,
0.84069725931607
],
[
0.009661913928495334,
0.015043505996033152
]
],
"(2, 1)": [
[
0.9971364351826295,
1.0405796933838978
],
[
0.002186023145002656,
0.00990777094956945
]
],
"(2, 2)": [
[
0.7329743669486122,
0.9001394937258159
],
[
0.009289258637309466,
0.0040124590476192145
]
],
"(3, 0)": [
[
1.1375840678505487,
0.8731673256849058
],
[
0.0042395031013166785,
0.004082254187824064
]
],
"(3, 1)": [
[
1.309159677196604,
1.1881042152792338
],
[
0.02912273715536652,
0.0014554939135486278
]
],
"(3, 2)": [
[
1.3109832747333194,
0.8307616650248142
],
[
0.003863566404028243,
0.02673126240523295
]
]
}
}