{
"(0, 0)": [
0.5811261659974549,
0.4615366916013252
],
"(0, 1)": [
0.48952068103393714,
0.4438555860981726
],
"(1, 0)": [
0.6515968803788535,
0.7385965946613
],
"(1, 1)": [
0.674516301491161,
0.7563920893375609
]
}