year,time
1,34.820929
2,49.977149
3,60.53439
5,70.477286
10,116.541615
15,159.174008
30,322.136116
50,481.437577
