num_foi,time
10,25.393264
15,39.315267
20,57.726253
50,213.368452
80,347.560923
100,434.568867
