age,time
3,22.556598
4,34.530979
5,47.182878
10,146.939494
20,483.949746
30,957.488338
40,1623.608124
50,2484.667581
