addiction,time
4,23.224006
5,30.39818
10,83.310771
20,263.829651
30,523.20693
40,859.064911
50,1269.768682
