num_foi,time
10,36.526843
11,37.378487
12,45.016783
20,88.763034
50,328.836426
