year,time
1,22.160437
5,48.876056
10,77.817909
15,105.338949
30,208.251927
50,306.260132
100,640.187299
