year,time
1,432.632755
5,468.508943
10,448.57887
15,554.615481