addiction,time
4,4372.35504
5,5225.170577
10,9765.809429
30,29423.188542
