year,time
1,4444.835997
5,4406.61149
10,4440.602483
15,4471.932612