year,time
1,4444.835997
2,14987.43107
4,29924.59814
6,43547.44592