age,time
3,4468.725622
4,6253.520499
5,7917.517799
10,17180.140191
