num_foi,time
10,745.385158
15,1126.773008
20,1403.681845
50,4085.503834
80,6604.332047
100,8373.730297
