sruns,time
10,4339.481707
15,6698.145067
20,8712.722732
30,13284.505804
40,17929.665264
