year,time
1,6.616269
5,13.031416
10,19.429547
15,27.00253
30,47.26973
