addiction,time
4,7.082009
5,8.762209
10,21.498457
20,76.38117
30,140.562108
40,219.269661
50,321.844783
