addiction,time
4,6.612484
5,8.423891
10,21.621205
20,74.003616
30,138.879681
40,223.355858
50,324.513248
