sruns,time
10,6.425436
15,6.61142
20,6.637862
30,6.62018
40,6.554253
50,6.473431
100,6.471384
