num_foi,time
10,6.745584
15,10.412967
20,14.773788
50,51.242123
80,81.770071
100,101.588107
