age,time
3,6.356458
4,9.470567
5,13.09142
10,40.922124
20,129.766923
30,247.05191
40,427.125881
50,625.987386
