sruns,time
10,6.595837
15,6.601263
20,6.415032
30,6.680044
40,6.522545
50,6.409781
100,6.547226
