year,time
1,6.639574
5,13.02783
10,20.072442
15,26.065917
30,47.37703
