num_foi,time
10,6.656744
15,10.20808
20,14.74005
50,51.350417
80,81.69462
100,100.40897
