age,time
3,6.713913
4,9.610966
5,13.309339
10,41.193956
20,127.997058
30,247.237558
40,408.316376
50,605.165656
