age,time
3,922.381817
4,1268.758318
5,1654.922956
10,3499.495668
