num_foi,time
10,92.851026
15,138.788071
20,183.712096
50,466.990364
80,726.333317
100,905.74564
