year,time
1,1004.452422
5,4276.044822
10,8561.134046
15,12833.912262