sruns,time
10,926.629379
15,1362.090486
20,1976.104421
30,2738.10457
40,3717.441566