age,time
3,931.207702
4,1290.817477
5,1699.925742
10,3530.659452
