year,time
1,920.957421
5,904.173072
10,912.490255
15,907.182184
