addiction,time
4,939.594206
5,1086.746732
10,2080.235954
20,3912.884315
30,5943.649038
40,8299.380279
50,10341.007925
