addiction,time
4,910.037168
5,1089.806785
10,2021.911747
20,3984.105822
30,6026.512355
