sruns,time
10,905.140786
15,1378.930495
20,1835.155569
30,2732.129046
40,3608.965592
