num_foi,time
10,919.990595
15,1362.252194
20,1808.292411
50,4511.848325
80,7282.562268
100,9167.176864
